https://109119.github.io/os201 109119 NO  0
https://abdulazis02.github.io/os201 abdulazis02 YES 1
https://abdurrafiarief.github.io/os201 abdurrafiarief NO  0
https://abhiprayatj.github.io/os201 abhiprayatj YES 1
https://abifajri.github.io/os201 abifajri NO  0
https://aceyoga.github.io/os201 aceyoga YES 1
https://adhytianara.github.io/os201 adhytianara YES 1
https://adinugroho80000.github.io/os201 adinugroho80000 NO  0
https://aditmuhmd.github.io/os201 aditmuhmd NO  0
https://adrielananta.github.io/os201 adrielananta NO  0
https://adzshaf.github.io/os201 adzshaf YES 1
https://agit-ui.github.io/os201 agit-ui YES 1
https://ahmadirfaan1.github.io/os201 ahmadirfaan1 YES 1
https://ajiinisti.github.io/os201 ajiinisti YES 1
https://akhmadiponegoro.github.io/os201 akhmadiponegoro YES 1
https://alfisyk.github.io/os201 alfisyk YES 1
https://alkwrzm.github.io/os201 alkwrzm YES 1
https://AlphaRazra.github.io/os201 AlphaRazra NO  0
https://alviadibby.github.io/os201 alviadibby YES 1
https://amaliahanisa.github.io/os201 amaliahanisa YES 1
https://amrisandha.github.io/os201 amrisandha YES 1
https://andhikayusup.github.io/os201 andhikayusup YES 1
https://AndiALH.github.io/os201 AndiALH NO  0
https://andrewtheodore.github.io/os201 andrewtheodore YES 1
https://ariellariza.github.io/os201 ariellariza YES 1
https://ariqbasyar.github.io/os201 ariqbasyar YES 1
https://ashilaghassani.github.io/os201 ashilaghassani YES 1
https://astridchrd.github.io/os201 astridchrd YES 1
https://audillapf.github.io/os201 audillapf YES 1
https://ayilaadzkiya24.github.io/os201 ayilaadzkiya24 YES 1
https://azis14.github.io/os201 azis14 NO  0
https://azkiyaHanna.github.io/os201 azkiyaHanna YES 1
https://aznaajeng.github.io/os201 aznaajeng YES 1
https://Belaady.github.io/os201 Belaady YES 1
https://billhsyn.github.io/os201 billhsyn YES 1
https://bonarws.github.io/os201 bonarws NO  0
https://chelmel18.github.io/os201 chelmel18 YES 1
https://ChristopherSamuelW.github.io/os201 ChristopherSamuelW YES 1
https://codefire53.github.io/os201 codefire53 YES 1
https://dafpool4.github.io/os201 dafpool4 YES 1
https://dariantexanditama.github.io/os201 dariantexanditama YES 1
https://darklordace.github.io/os201 darklordace YES 1
https://drassd.github.io/os201 drassd NO  0
https://eaglescommander.github.io/os201 eaglescommander YES 1
https://egiffari.github.io/os201 egiffari NO  0
https://enbeqi.github.io/os201 enbeqi YES 1
https://fadhilhmr.github.io/os201 fadhilhmr YES 1
https://fadhilibra.github.io/os201 fadhilibra YES 1
https://FarizioKautsar.github.io/os201 FarizioKautsar NO  0
https://fatih-alaydrus.github.io/os201 fatih-alaydrus NO  0
https://finishal.github.io/os201 finishal YES 1
https://fpradana.github.io/os201 fpradana YES 1
https://GibranBrahmanta.github.io/os201 GibranBrahmanta YES 1
https://gibranharahap.github.io/os201 gibranharahap YES 1
https://glendaesutanto.github.io/os201 glendaesutanto YES 1
https://Gusni-Lusiana.github.io/os201 Gusni-Lusiana NO  0
https://gustifahmi.github.io/os201 gustifahmi NO  0
https://habelct.github.io/os201 habelct YES 1
https://hanardiansyah.github.io/os201 hanardiansyah YES 1
https://hanifahrahma.github.io/os201 hanifahrahma YES 1
https://hannajtm.github.io/os201 hannajtm NO  0
https://hanrichie.github.io/os201 hanrichie YES 1
https://HaroldHS16.github.io/os201 HaroldHS16 NO  0
https://hasanahnur303.github.io/os201 hasanahnur303 YES 1
https://hedass.github.io/os201 hedass NO  0
https://HelmiAlf.github.io/os201 HelmiAlf NO  0
https://hnsmchl.github.io/os201 hnsmchl NO  0
https://ichsandyrizki.github.io/os201 ichsandyrizki NO  0
https://IgoRamli.github.io/os201 IgoRamli YES 1
https://ihsanazizi14.github.io/os201 ihsanazizi14 YES 1
https://imamsetyo96.github.io/os201 imamsetyo96 NO  0
https://iqrar99.github.io/os201 iqrar99 YES 1
https://irfanmaulananasution.github.io/os201 irfanmaulananasution NO  0
https://jacobstmrg.github.io/os201 jacobstmrg YES 1
https://JahnsMichael.github.io/os201 JahnsMichael YES 1
https://jonathanfilbert.github.io/os201 jonathanfilbert YES 1
https://JustOneMoreLine.github.io/os201 JustOneMoreLine NO  0
https://kamilakaffah07.github.io/os201 kamilakaffah07 YES 1
https://keziasulami.github.io/os201 keziasulami YES 1
https://khadijahrizqy.github.io/os201 khadijahrizqy YES 1
https://kholish219.github.io/os201 kholish219 NO  0
https://KiddoKidz.github.io/os201 KiddoKidz YES 1
https://kolokopo.github.io/os201 kolokopo NO  0
https://krisnadwitama.github.io/os201 krisnadwitama YES 1
https://kurilham19.github.io/os201 kurilham19 YES 1
https://Kyosena.github.io/os201 Kyosena NO  0
https://leleonardo81.github.io/os201 leleonardo81 YES 1
https://lepiku.github.io/os201 lepiku YES 1
https://louisanatalika.github.io/os201 louisanatalika YES 1
https://lubnasyifa9.github.io/os201 lubnasyifa9 NO  0
https://luqman-maulana.github.io/os201 luqman-maulana YES 1
https://luthfiidrus.github.io/os201 luthfiidrus YES 1
https://maisyrahmawati.github.io/os201 maisyrahmawati YES 1
https://marcelvaldhano.github.io/os201 marcelvaldhano YES 1
https://michaelsusanto81.github.io/os201 michaelsusanto81 YES 1
https://Miner239.github.io/os201 Miner239 NO  0
https://mlhmg.github.io/os201 mlhmg YES 1
https://MNatalnael.github.io/os201 MNatalnael YES 1
https://mon23c.github.io/os201 mon23c YES 1
https://mrasyid22.github.io/os201 mrasyid22 YES 1
https://mrifqyz.github.io/os201 mrifqyz YES 1
https://Mufalando.github.io/os201 Mufalando YES 1
https://muhammadmichael.github.io/os201 muhammadmichael YES 1
https://naufalauddin.github.io/os201 naufalauddin YES 1
https://naufalhilmi12345.github.io/os201 naufalhilmi12345 YES 1
https://naufal-prakoso.github.io/os201 naufal-prakoso NO  0
https://naurakhansa.github.io/os201 naurakhansa YES 1
https://nazilarahma.github.io/os201 nazilarahma YES 1
https://nethaniasonya.github.io/os201 nethaniasonya NO  0
https://nota1706.github.io/os201 nota1706 YES 1
https://noviarmdnfg.github.io/os201 noviarmdnfg YES 1
https://nugrahaa878.github.io/os201 nugrahaa878 YES 1
https://NununHidayah.github.io/os201 NununHidayah NO  0
https://nurulputri.github.io/os201 nurulputri YES 1
https://nvanonim.github.io/os201 nvanonim YES 1
https://PakDengklek.github.io/os201 PakDengklek YES 1
https://phazeblaze.github.io/os201 phazeblaze NO  0
https://qadzifi.github.io/os201 qadzifi NO  0
https://racendol.github.io/os201 racendol YES 1
https://rafaputri86.github.io/os201 rafaputri86 YES 1
https://RafifEL.github.io/os201 RafifEL NO  0
https://ramyazhar.github.io/os201 ramyazhar YES 1
https://raniapriliaa.github.io/os201 raniapriliaa YES 1
https://raularrafi.github.io/os201 raularrafi NO  0
https://Raygue.github.io/os201 Raygue NO  0
https://rekapaska.github.io/os201 rekapaska NO  0
https://reynardryanda.github.io/os201 reynardryanda YES 1
https://ronaldi-tj.github.io/os201 ronaldi-tj YES 1
https://roygodsend23.github.io/os201 roygodsend23 NO  0
https://rukamudrik.github.io/os201 rukamudrik YES 1
https://ryaasabsar.github.io/os201 ryaasabsar YES 1
https://Salman-Ahmad-N.github.io/os201 Salman-Ahmad-N YES 1
https://salsabiladnan.github.io/os201 salsabiladnan YES 1
https://samratumaharani.github.io/os201 samratumaharani NO  0
https://samuelsamosir27.github.io/os201 samuelsamosir27 YES 1
https://shanniadm.github.io/os201 shanniadm YES 1
https://ShintaFauziah.github.io/os201 ShintaFauziah YES 1
https://skycruiser8.github.io/os201 skycruiser8 YES 1
https://stefansagala.github.io/os201 stefansagala YES 1
https://stephenhandiar.github.io/os201 stephenhandiar YES 1
https://SulthanZahran.github.io/os201 SulthanZahran YES 1
https://syannelimarwan.github.io/os201 syannelimarwan YES 1
https://taritrinatha.github.io/os201 taritrinatha NO  0
https://tasyashbr.github.io/os201 tasyashbr YES 1
https://tesajps.github.io/os201 tesajps YES 1
https://ThatDecoff.github.io/os201 ThatDecoff YES 1
https://thegalang.github.io/os201 thegalang YES 1
https://titusdirgantoro.github.io/os201 titusdirgantoro YES 1
https://tolhassianipar.github.io/os201 tolhassianipar YES 1
https://vianra.github.io/os201 vianra NO  0
https://wahprima.github.io/os201 wahprima YES 1
https://WillySand.github.io/os201 WillySand NO  0
https://wulanfebyazzahra.github.io/os201 wulanfebyazzahra YES 1
https://wulanmantiri.github.io/os201 wulanmantiri YES 1
https://Xerdiosa.github.io/os201 Xerdiosa YES 1
https://yasminadelia.github.io/os201 yasminadelia YES 1
https://yobelioe17.github.io/os201 yobelioe17 YES 1
https://yogahmad.github.io/os201 yogahmad YES 1
https://zackhowisely.github.io/os201 zackhowisely NO  0
https://zafirabinta.github.io/os201 zafirabinta YES 1
https://zafirr31.github.io/os201 zafirr31 NO  0
https://zakiysaputra.github.io/os201 zakiysaputra YES 1
https://zxrsvy.github.io/os201 zxrsvy YES 1
https://zzzzzczcnnnn.github.io/os201 zzzzzczcnnnn NO  0
